reference;quantite
e5UA6-V;2
o5OU8-Q;13
EC-59SEx7;1
oU5QP44;14
VJ-11JWi8;15
tt+14_M6;3
o7EA7-B;10
CB-24TJv2;2
GJ-60YFo4;6
nq+64_S2;11
u7AI5-V;17
gw+07_V9;4
IB-42CMn5;14
XB-14HKj6;6
iG3BD38;8
i3IO6-D;16
cp+30_T5;19
e7AA4-V;13
eG1VC18;18
wt+69_J5;7
uH5SG67;3
eH8PK85;16
oO9DZ32;10
uw+54_D8;15
uG6NQ44;1
o4OE6-P;2
iR6DP45;1
ai+63_M1;3
oY9SC58;17
e7EO1-Z;15
a6IU2-S;5
iO8TM69;15
KF-93TXr7;19
LH-85KAy2;1
il+66_I4;5
iC7PC76;18
eI1YQ55;15
e8OE4-F;18
u2OA2-H;1
VJ-36CDo2;18
FV-75WWd8;15
ud+07_R6;16
i3II3-N;6
xs+31_M5;8
tb+12_P7;6
IM-02HPc6;16
i8EE2-U;12
iX2VD88;13
oD5AS56;17
zu+45_C4;4
XZ-13GEp4;11
lp+73_I6;12
JI-41BRg9;1
nb+97_S5;10
o9EI8-Q;4
eU7MA55;5
DJ-99BTz2;3
ue+36_Q8;6
oA2OD46;13
WB-96AQe2;14
e8IE8-R;2
a2IO5-W;7
a9EI4-F;4
iG6WB43;10
ng+12_T2;6
