reference;libelle;marque
sl+78_M1;accumsan neque et nunc. Quisque ornare tortor at;Nec Ante Associates
DY-77GFm8;Quisque ac libero nec ligula consectetuer rhoncus.;Primis Corporation
iG6WB43;nibh. Aliquam ornare, libero;Pellentesque Foundation
iR3GU13;elit, pharetra ut, pharetra sed, hendrerit;Pellentesque Foundation
FX-35EFm7;consequat, lectus sit amet luctus vulputate,;Primis Corporation
zr+35_M6;est tempor;Nec Ante Associates
i6EO8-U;malesuada fringilla est. Mauris;Sagittis Duis
XL-64MTn5;nec tempus;Primis Corporation
i7OI1-R;a odio semper cursus. Integer mollis. Integer tincidunt aliquam arcu.;Sagittis Duis
LF-64SIb2;nibh. Quisque nonummy ipsum non arcu. Vivamus;Primis Corporation
WF-51BCn4;dolor dolor, tempus non, lacinia at, iaculis quis, pede.;Primis Corporation
PG-28VAd4;senectus et netus et malesuada fames ac turpis;Primis Corporation
i5EU3-D;non, luctus sit;Sagittis Duis
RL-67DCx4;lobortis tellus;Primis Corporation
i3AA1-X;magna. Praesent interdum ligula eu enim.;Sagittis Duis
i7UO2-F;amet, faucibus ut,;Sagittis Duis
YE-65VSr7;vulputate ullamcorper magna. Sed eu eros. Nam consequat dolor vitae;Primis Corporation
u4AE5-H;Phasellus nulla. Integer vulputate, risus a ultricies adipiscing, enim;Sagittis Duis
pj+11_D1;justo nec ante. Maecenas mi felis, adipiscing fringilla, porttitor;Nec Ante Associates
o2UO5-B;vitae odio sagittis semper. Nam tempor;Sagittis Duis
zz+85_U6;non nisi. Aenean eget metus. In nec orci.;Nec Ante Associates
u2OA2-H;tellus eu augue;Sagittis Duis
iO8TM69;convallis ligula. Donec luctus aliquet odio.;Pellentesque Foundation
TD-48DOz5;Cras sed leo.;Primis Corporation
qn+56_W1;vitae risus. Duis a mi fringilla mi;Nec Ante Associates
el+29_V5;conubia nostra, per inceptos hymenaeos. Mauris ut quam vel;Nec Ante Associates
i9IA4-N;Nam consequat dolor vitae dolor. Donec;Sagittis Duis
em+00_M5;ad litora torquent per conubia nostra, per inceptos;Nec Ante Associates
OD-76MIf8;a, enim. Suspendisse;Primis Corporation
ue+33_P2;turpis non enim. Mauris quis;Nec Ante Associates
IL-27CGi4;eu dolor egestas rhoncus. Proin;Primis Corporation
i5AI5-T;magna a tortor. Nunc;Sagittis Duis
MU-73VYh4;urna. Nunc quis arcu vel;Primis Corporation
o3IO3-D;tincidunt dui augue eu tellus. Phasellus;Sagittis Duis
mc+32_K6;Vivamus sit amet;Nec Ante Associates
iT5XO73;congue. In scelerisque scelerisque dui. Suspendisse ac;Pellentesque Foundation
a2IO9-B;urna. Vivamus molestie dapibus ligula. Aliquam erat volutpat.;Sagittis Duis
eG7LH75;pede. Nunc;Pellentesque Foundation
ud+07_R6;senectus et netus;Nec Ante Associates
oO8DD34;sem ut dolor dapibus gravida. Aliquam tincidunt,;Pellentesque Foundation
aN2RC97;viverra. Donec tempus, lorem fringilla ornare placerat, orci lacus;Pellentesque Foundation
AD-74YMb4;vitae, erat. Vivamus nisi. Mauris nulla. Integer;Primis Corporation
i2IE8-V;dolor sit amet, consectetuer adipiscing elit. Etiam laoreet, libero;Sagittis Duis
LX-52HRu3;pede. Cras vulputate velit eu sem. Pellentesque;Primis Corporation
iq+32_F6;dolor;Nec Ante Associates
aV6LI82;fermentum vel, mauris.;Pellentesque Foundation
oV6HW43;Donec porttitor tellus non magna. Nam;Pellentesque Foundation
CE-68KZj4;dictum. Phasellus in felis. Nulla tempor augue ac ipsum.;Primis Corporation
eC9LW43;enim;Pellentesque Foundation
BG-66ICi4;molestie orci;Primis Corporation
oD2NB61;vel arcu eu odio tristique pharetra.;Pellentesque Foundation
IM-02HPc6;et netus et malesuada fames ac turpis;Primis Corporation
qr+24_P7;et, lacinia vitae, sodales;Nec Ante Associates
i7IU0-C;vitae, posuere at, velit. Cras lorem;Sagittis Duis
CG-50LLu7;purus gravida sagittis. Duis gravida.;Primis Corporation
eO7MJ99;velit. Pellentesque ultricies;Pellentesque Foundation
JJ-15SLj3;pellentesque. Sed dictum. Proin eget odio. Aliquam vulputate ullamcorper magna.;Primis Corporation
TN-31KTm2;ac turpis egestas. Aliquam fringilla cursus purus.;Primis Corporation
oB5RT65;eu elit. Nulla facilisi. Sed;Pellentesque Foundation
oA5CN43;placerat.;Pellentesque Foundation
i3EU4-U;cubilia Curae Phasellus ornare. Fusce mollis. Duis sit;Sagittis Duis
OE-70SYi4;in consequat enim diam vel arcu.;Primis Corporation
oS6HE65;nec ante. Maecenas mi felis,;Pellentesque Foundation
vz+62_M8;augue, eu tempor erat neque non quam. Pellentesque habitant;Nec Ante Associates
i7IO8-L;nisi. Aenean eget metus. In nec orci. Donec nibh. Quisque;Sagittis Duis
qg+23_K7;parturient montes, nascetur ridiculus mus. Proin;Nec Ante Associates
jx+08_Z4;nec ligula consectetuer;Nec Ante Associates
QD-28DIe8;elit. Nulla facilisi. Sed;Primis Corporation
e2UI6-W;quam. Pellentesque habitant morbi;Sagittis Duis
eT6NZ33;lorem eu metus.;Pellentesque Foundation
aO2NZ86;id ante dictum cursus. Nunc mauris elit, dictum;Pellentesque Foundation
oC2WQ22;augue. Sed molestie. Sed id risus quis;Pellentesque Foundation
e5IU1-M;ligula. Nullam enim. Sed nulla ante, iaculis nec, eleifend;Sagittis Duis
TJ-63FAy6;semper pretium neque.;Primis Corporation
oH6MN62;sem mollis dui, in sodales elit;Pellentesque Foundation
gn+13_H3;dui, nec tempus mauris erat eget ipsum.;Nec Ante Associates
oD6KI23;dictum. Proin eget odio. Aliquam vulputate ullamcorper;Pellentesque Foundation
kq+27_V5;Aliquam erat volutpat. Nulla;Nec Ante Associates
WK-01PNc7;sit amet, consectetuer adipiscing elit. Aliquam auctor, velit eget laoreet;Primis Corporation
iB5ZI82;urna justo faucibus lectus, a sollicitudin orci sem eget;Pellentesque Foundation
e3OU2-K;euismod urna. Nullam lobortis quam a felis ullamcorper viverra.;Sagittis Duis
ys+84_D2;semper;Nec Ante Associates
bs+57_L2;luctus. Curabitur;Nec Ante Associates
PY-26KUx1;urna justo faucibus lectus, a sollicitudin orci;Primis Corporation
eU7MA55;ipsum. Donec sollicitudin;Pellentesque Foundation
LZ-21OWt3;diam vel arcu.;Primis Corporation
aV5FW97;Cras pellentesque. Sed dictum. Proin eget;Pellentesque Foundation
e2OI6-Z;velit. Sed malesuada augue ut;Sagittis Duis
SO-64DNb8;Duis;Primis Corporation
eu+45_I8;eu dui. Cum sociis natoque penatibus et magnis dis parturient;Nec Ante Associates
HY-41OLd8;amet ante. Vivamus non lorem;Primis Corporation
e7IE9-H;dapibus id, blandit at,;Sagittis Duis
o8EO5-J;sed, est. Nunc laoreet lectus quis;Sagittis Duis
dh+60_H3;In at pede. Cras vulputate;Nec Ante Associates
BP-96PRw9;luctus et;Primis Corporation
ON-52OZs8;amet, consectetuer adipiscing;Primis Corporation
ok+61_G3;feugiat. Lorem ipsum;Nec Ante Associates
ro+05_J2;lacus;Nec Ante Associates
ST-28YFt9;ornare, libero at;Primis Corporation
oX0MQ79;Proin;Pellentesque Foundation
aS9BP96;gravida molestie arcu.;Pellentesque Foundation
im+83_T5;pede. Cum sociis natoque penatibus et;Nec Ante Associates
fj+03_X8;Nulla eget metus eu erat semper rutrum.;Nec Ante Associates
PL-81NJj8;nunc sed pede.;Primis Corporation
GD-76MXz3;risus, at;Primis Corporation
o3OU7-U;montes, nascetur ridiculus;Sagittis Duis
e5OI3-Z;ac, feugiat non, lobortis quis, pede. Suspendisse dui.;Sagittis Duis
NL-52RVc9;ipsum;Primis Corporation
VJ-11JWi8;lobortis augue scelerisque mollis. Phasellus libero;Primis Corporation
DW-01OTe4;interdum. Nunc sollicitudin commodo ipsum. Suspendisse non leo.;Primis Corporation
IY-81EEy5;consequat enim diam vel arcu. Curabitur;Primis Corporation
iA2YB62;et tristique pellentesque, tellus sem mollis dui,;Pellentesque Foundation
o2II5-N;neque.;Sagittis Duis
oU7IS68;malesuada fringilla est. Mauris eu turpis.;Pellentesque Foundation
NW-60RNj2;varius et, euismod et, commodo at, libero. Morbi;Primis Corporation
fs+33_F9;purus, in molestie tortor nibh sit amet;Nec Ante Associates
uh+39_C9;Nullam enim. Sed nulla ante, iaculis nec, eleifend non,;Nec Ante Associates
YH-13IFk3;faucibus. Morbi;Primis Corporation
GB-64MAn5;amet,;Primis Corporation
e7IE8-I;ante dictum cursus. Nunc mauris elit, dictum eu, eleifend nec,;Sagittis Duis
qf+21_E7;metus. In nec orci. Donec nibh. Quisque nonummy;Nec Ante Associates
i7AU5-D;lectus, a sollicitudin orci sem eget massa. Suspendisse eleifend.;Sagittis Duis
u5IE8-L;quam;Sagittis Duis
uO4OR62;Duis cursus, diam at;Pellentesque Foundation
AR-86LXy4;sed,;Primis Corporation
a7OE1-Y;a mi fringilla mi;Sagittis Duis
CB-24TJv2;Donec tempus, lorem fringilla ornare placerat, orci;Primis Corporation
oC9EV83;in faucibus;Pellentesque Foundation
oZ4NN32;Donec fringilla. Donec feugiat metus sit amet ante. Vivamus non;Pellentesque Foundation
PV-12RYo5;libero. Donec consectetuer mauris id sapien.;Primis Corporation
o5EI7-U;arcu;Sagittis Duis
mp+64_J2;sapien. Aenean massa. Integer vitae nibh.;Nec Ante Associates
lp+73_I6;arcu et pede. Nunc sed orci;Nec Ante Associates
u0EE8-A;lorem tristique aliquet. Phasellus fermentum convallis ligula.;Sagittis Duis
u4AO9-S;magna, malesuada vel, convallis in, cursus et,;Sagittis Duis
ap+58_C5;nunc sed libero. Proin;Nec Ante Associates
LJ-69QQj2;Phasellus dolor elit, pellentesque a, facilisis;Primis Corporation
wo+47_J3;interdum. Sed;Nec Ante Associates
XM-80MAr9;iaculis, lacus;Primis Corporation
CT-22BMi3;odio sagittis semper. Nam tempor;Primis Corporation
uL4PY87;sem mollis dui, in;Pellentesque Foundation
UL-11OOk4;penatibus et magnis dis parturient montes, nascetur ridiculus;Primis Corporation
eH8PK85;sollicitudin orci;Pellentesque Foundation
i0OA4-N;fermentum vel, mauris. Integer sem elit, pharetra;Sagittis Duis
SB-65YDh4;posuere at, velit. Cras;Primis Corporation
iP9BH19;cursus a, enim. Suspendisse aliquet, sem ut cursus luctus,;Pellentesque Foundation
jh+91_J4;lacus vestibulum lorem, sit;Nec Ante Associates
eN3JG54;viverra. Donec tempus, lorem fringilla ornare placerat, orci;Pellentesque Foundation
o3EO5-K;nisi. Aenean eget metus. In nec orci.;Sagittis Duis
i2EO0-X;vel;Sagittis Duis
FI-99OZp4;nec luctus felis purus;Primis Corporation
a6II1-M;dolor. Donec fringilla. Donec feugiat metus sit amet ante.;Sagittis Duis
io+70_Q7;eu sem. Pellentesque ut ipsum ac mi eleifend egestas. Sed;Nec Ante Associates
GH-34HAg2;neque;Primis Corporation
JM-62TUg8;In condimentum. Donec at arcu. Vestibulum ante ipsum;Primis Corporation
eH1CY16;lectus. Cum sociis natoque penatibus et magnis dis parturient;Pellentesque Foundation
oJ4PK31;sem ut;Pellentesque Foundation
BB-71IZp3;erat. Sed nunc est, mollis non, cursus non, egestas a,;Primis Corporation
XG-19MDb8;aliquet, metus urna convallis erat, eget tincidunt dui;Primis Corporation
uC5TU77;metus sit amet ante. Vivamus non lorem;Pellentesque Foundation
iH2OG74;interdum. Sed auctor odio a;Pellentesque Foundation
su+22_Z9;malesuada ut, sem.;Nec Ante Associates
u7EE4-O;tincidunt adipiscing. Mauris;Sagittis Duis
vv+09_H9;Phasellus in felis. Nulla tempor augue ac ipsum. Phasellus;Nec Ante Associates
WG-96ESk6;nonummy ut, molestie in, tempus eu, ligula.;Primis Corporation
fb+95_S3;tincidunt aliquam arcu. Aliquam;Nec Ante Associates
WX-13EUb4;urna. Nunc quis arcu vel quam dignissim;Primis Corporation
VR-76ZPp7;tellus non magna.;Primis Corporation
aB1TV43;sagittis. Nullam vitae diam.;Pellentesque Foundation
bu+71_I9;semper egestas, urna justo faucibus;Nec Ante Associates
sr+84_F5;consectetuer,;Nec Ante Associates
JK-43EAf9;odio, auctor vitae, aliquet nec, imperdiet;Primis Corporation
WG-51NKh4;est, vitae sodales nisi magna sed dui. Fusce aliquam,;Primis Corporation
iD7IE76;sapien imperdiet ornare. In faucibus. Morbi;Pellentesque Foundation
fc+37_F6;sem ut;Nec Ante Associates
DE-13MTg8;Fusce aliquam, enim;Primis Corporation
i5UU5-E;taciti sociosqu ad litora torquent per conubia nostra, per inceptos;Sagittis Duis
JI-41BRg9;Curabitur ut odio vel est;Primis Corporation
o7AE1-I;tincidunt pede ac urna. Ut tincidunt vehicula;Sagittis Duis
WE-38YTq8;neque.;Primis Corporation
eQ7HO78;Aliquam erat volutpat. Nulla dignissim. Maecenas ornare egestas;Pellentesque Foundation
o2EI7-R;et malesuada fames ac turpis egestas. Aliquam;Sagittis Duis
o6OA4-O;pede, ultrices a, auctor non, feugiat nec, diam.;Sagittis Duis
cp+30_T5;condimentum. Donec at arcu.;Nec Ante Associates
QX-61FKo6;consectetuer adipiscing elit. Curabitur sed tortor. Integer aliquam adipiscing lacus.;Primis Corporation
uL1DB95;turpis nec mauris blandit;Pellentesque Foundation
xc+58_K8;Integer id magna et ipsum cursus vestibulum. Mauris magna.;Nec Ante Associates
VQ-88SWn2;pede sagittis;Primis Corporation
BK-74EJt1;erat vitae risus.;Primis Corporation
IB-42CMn5;vel sapien imperdiet ornare. In faucibus. Morbi vehicula.;Primis Corporation
i3EU0-L;rhoncus id,;Sagittis Duis
a9EI4-F;Curabitur vel lectus. Cum;Sagittis Duis
o3IA4-D;Nunc commodo auctor velit. Aliquam nisl. Nulla eu neque pellentesque;Sagittis Duis
UI-74LXl8;dolor sit amet, consectetuer adipiscing elit. Etiam laoreet,;Primis Corporation
iS7UJ31;eros. Nam consequat dolor vitae dolor. Donec fringilla. Donec feugiat;Pellentesque Foundation
CH-63MTs2;quam quis diam. Pellentesque habitant morbi;Primis Corporation
my+54_S7;ac;Nec Ante Associates
e1II4-T;mi eleifend egestas. Sed pharetra,;Sagittis Duis
DJ-99BTz2;faucibus id, libero. Donec consectetuer mauris id;Primis Corporation
i7UE4-X;ante blandit viverra. Donec tempus, lorem fringilla;Sagittis Duis
CL-48IFb6;amet luctus;Primis Corporation
FY-33LSh6;fermentum arcu. Vestibulum ante ipsum primis in faucibus orci;Primis Corporation
ed+74_Z3;non enim;Nec Ante Associates
eQ6UR66;est. Nunc laoreet lectus quis massa. Mauris vestibulum,;Pellentesque Foundation
oE5KF78;bibendum fermentum metus. Aenean;Pellentesque Foundation
YL-28MLl4;ullamcorper.;Primis Corporation
EC-59SEx7;at fringilla purus mauris a nunc. In at pede. Cras;Primis Corporation
iT3HS43;placerat, orci;Pellentesque Foundation
bi+35_T9;et ipsum cursus;Nec Ante Associates
kf+16_A5;Curabitur egestas nunc sed libero.;Nec Ante Associates
go+29_G4;Aliquam rutrum;Nec Ante Associates
iR2IO71;ullamcorper. Duis cursus, diam;Pellentesque Foundation
o1EE7-X;lorem, vehicula et, rutrum eu, ultrices sit amet, risus.;Sagittis Duis
FE-07STo8;laoreet,;Primis Corporation
HX-55NCe7;sem semper erat, in consectetuer;Primis Corporation
KF-93TXr7;lorem. Donec elementum,;Primis Corporation
VI-13MKm8;purus sapien, gravida;Primis Corporation
a6IO1-P;lorem ac risus. Morbi metus. Vivamus;Sagittis Duis
oS1CL37;vitae semper egestas, urna justo faucibus lectus, a;Pellentesque Foundation
JM-21QHr5;et, eros. Proin ultrices. Duis volutpat nunc sit amet metus.;Primis Corporation
hr+84_H2;erat volutpat. Nulla dignissim. Maecenas ornare egestas;Nec Ante Associates
e7AA4-V;Nulla aliquet. Proin velit. Sed malesuada augue ut;Sagittis Duis
JC-11YIr5;Pellentesque habitant morbi;Primis Corporation
o4EO3-V;a mi fringilla mi lacinia mattis. Integer eu;Sagittis Duis
xc+72_B6;ut cursus luctus, ipsum leo elementum sem, vitae;Nec Ante Associates
QU-29DCq6;mauris.;Primis Corporation
ki+67_D3;eleifend non, dapibus rutrum,;Nec Ante Associates
DZ-62QSw5;eget magna. Suspendisse;Primis Corporation
uD8GB15;convallis convallis dolor. Quisque tincidunt pede ac urna. Ut;Pellentesque Foundation
YB-25YCd7;cursus;Primis Corporation
a2IO5-W;lectus rutrum urna, nec luctus felis;Sagittis Duis
aU1RT26;rutrum urna, nec luctus felis purus ac tellus.;Pellentesque Foundation
GG-82XXq5;est ac mattis semper,;Primis Corporation
a1UI9-D;congue, elit sed consequat;Sagittis Duis
GT-52OLl5;erat. Sed nunc est, mollis non, cursus non,;Primis Corporation
oA2OD46;quis accumsan convallis, ante lectus convallis est,;Pellentesque Foundation
TN-92APm6;parturient;Primis Corporation
aG2PI12;at, nisi. Cum sociis natoque penatibus;Pellentesque Foundation
vh+27_H3;amet, consectetuer adipiscing elit. Etiam laoreet, libero;Nec Ante Associates
o7EA7-B;netus et malesuada fames ac turpis egestas.;Sagittis Duis
MD-33UOb6;elit, pharetra;Primis Corporation
o6EE7-Y;enim. Etiam gravida molestie arcu. Sed eu nibh vulputate mauris;Sagittis Duis
uD8YY84;Ut sagittis lobortis mauris. Suspendisse aliquet molestie;Pellentesque Foundation
EO-14MKm2;nulla ante, iaculis nec,;Primis Corporation
vn+11_S9;Morbi sit amet massa. Quisque porttitor;Nec Ante Associates
eO1KV59;tellus faucibus leo, in lobortis;Pellentesque Foundation
oY1WV39;ac turpis egestas. Aliquam fringilla cursus purus. Nullam scelerisque neque;Pellentesque Foundation
iL8XB29;urna;Pellentesque Foundation
lg+68_U3;lorem, eget mollis lectus pede et risus. Quisque;Nec Ante Associates
we+34_Y3;dolor, tempus non,;Nec Ante Associates
EH-42MVr4;quam dignissim pharetra. Nam ac nulla. In tincidunt congue;Primis Corporation
NN-38SVv2;tellus. Nunc;Primis Corporation
XB-14HKj6;Nam nulla;Primis Corporation
MO-73RXt9;quam. Pellentesque habitant;Primis Corporation
eq+27_G6;sagittis. Duis gravida. Praesent eu nulla at;Nec Ante Associates
u4EO6-L;pellentesque massa lobortis ultrices. Vivamus rhoncus. Donec est.;Sagittis Duis
UX-73WGn5;at pede.;Primis Corporation
nf+22_F8;ac mi eleifend egestas. Sed;Nec Ante Associates
sq+85_N8;mauris elit, dictum;Nec Ante Associates
uI3MS23;vitae odio sagittis semper. Nam tempor diam;Pellentesque Foundation
ig+58_M7;non, dapibus;Nec Ante Associates
NU-59TBm5;sem. Pellentesque ut;Primis Corporation
i4OA1-P;dolor sit amet, consectetuer adipiscing;Sagittis Duis
eD3EF83;Phasellus nulla. Integer vulputate, risus a;Pellentesque Foundation
HJ-70PTt3;libero. Donec consectetuer;Primis Corporation
eX8VH77;lacinia mattis. Integer eu lacus.;Pellentesque Foundation
DV-94GRt3;quis urna. Nunc quis arcu vel;Primis Corporation
e4IU7-O;eget tincidunt dui augue;Sagittis Duis
HV-87YQe5;ridiculus mus. Proin vel;Primis Corporation
YV-83LMt6;tincidunt congue turpis. In condimentum.;Primis Corporation
u0IU4-X;tellus. Phasellus elit pede, malesuada vel,;Sagittis Duis
iX2VD88;vitae erat vel pede blandit;Pellentesque Foundation
DM-57GNg4;lobortis ultrices.;Primis Corporation
e3IO0-D;felis.;Sagittis Duis
a9OO4-F;Duis ac arcu. Nunc mauris. Morbi non;Sagittis Duis
eT2EB26;turpis non;Pellentesque Foundation
WG-65OVv7;in sodales elit;Primis Corporation
NH-10MIc7;porttitor vulputate, posuere vulputate, lacus.;Primis Corporation
OY-64YNm2;commodo ipsum. Suspendisse non leo.;Primis Corporation
jm+88_C3;odio, auctor vitae, aliquet nec,;Nec Ante Associates
o1EE3-W;urna convallis erat, eget tincidunt dui augue;Sagittis Duis
eL4YE39;tempus;Pellentesque Foundation
o4OI1-N;Integer;Sagittis Duis
eI0KX79;posuere, enim nisl elementum purus, accumsan;Pellentesque Foundation
FI-89EXb2;interdum. Curabitur dictum.;Primis Corporation
iU2YY28;Donec felis orci,;Pellentesque Foundation
PE-00MOw4;Nullam suscipit, est;Primis Corporation
ye+24_C3;elit sed consequat auctor, nunc nulla vulputate dui, nec;Nec Ante Associates
RJ-31JWq9;quis, pede. Suspendisse dui. Fusce diam nunc, ullamcorper eu,;Primis Corporation
KK-83GQd7;et magnis;Primis Corporation
DN-71MYb1;arcu. Morbi sit amet massa. Quisque porttitor eros;Primis Corporation
gw+07_V9;metus;Nec Ante Associates
mb+23_D8;dolor;Nec Ante Associates
i5II5-L;Phasellus elit pede, malesuada vel,;Sagittis Duis
oI1YW48;tempus non, lacinia at, iaculis quis, pede.;Pellentesque Foundation
KW-77BDf7;ante. Maecenas;Primis Corporation
eQ1TH66;Morbi non sapien molestie;Pellentesque Foundation
YH-23QCg4;laoreet;Primis Corporation
nq+64_S2;lobortis mauris. Suspendisse aliquet molestie tellus. Aenean egestas hendrerit;Nec Ante Associates
vs+59_D4;consectetuer euismod est arcu ac orci. Ut;Nec Ante Associates
o5EA7-H;viverra. Maecenas iaculis aliquet diam. Sed diam;Sagittis Duis
UJ-96ATd6;tempus, lorem fringilla;Primis Corporation
ai+63_M1;sagittis. Duis gravida. Praesent eu nulla;Nec Ante Associates
BT-46MUl8;nec ligula consectetuer rhoncus.;Primis Corporation
GS-33RWt3;Sed malesuada augue ut lacus. Nulla tincidunt, neque vitae;Primis Corporation
XY-17XGx8;lacus. Quisque purus sapien, gravida non,;Primis Corporation
oT1LE56;interdum. Curabitur dictum. Phasellus;Pellentesque Foundation
RX-28UOi2;non, cursus non, egestas a, dui. Cras pellentesque. Sed;Primis Corporation
dr+44_A4;mi lorem, vehicula et, rutrum eu, ultrices;Nec Ante Associates
jd+52_D2;ligula. Nullam;Nec Ante Associates
i6EO3-E;metus eu erat semper;Sagittis Duis
uV9MF76;erat,;Pellentesque Foundation
oX8GF82;Integer id magna et ipsum;Pellentesque Foundation
oM2JJ88;torquent per;Pellentesque Foundation
o4AE4-S;ligula. Nullam feugiat;Sagittis Duis
aE0DP45;sagittis augue,;Pellentesque Foundation
DP-04ZCp7;tempus non, lacinia at, iaculis quis,;Primis Corporation
sw+27_Z3;ultricies adipiscing, enim mi tempor lorem,;Nec Ante Associates
u2II0-W;Cras vulputate;Sagittis Duis
re+81_M4;egestas lacinia.;Nec Ante Associates
aY1DC87;Duis cursus, diam at pretium aliquet,;Pellentesque Foundation
aM3IL22;vitae sodales nisi magna sed dui. Fusce aliquam,;Pellentesque Foundation
PK-58EMe7;feugiat. Lorem ipsum dolor sit amet, consectetuer;Primis Corporation
eV6XR56;Suspendisse ac metus vitae velit egestas lacinia.;Pellentesque Foundation
oN4NI42;eu nibh vulputate mauris sagittis placerat.;Pellentesque Foundation
iK1VS27;placerat, orci lacus vestibulum lorem,;Pellentesque Foundation
ES-61EKg2;dictum mi, ac mattis velit justo nec;Primis Corporation
it+73_I8;torquent per conubia nostra, per inceptos;Nec Ante Associates
rv+24_L8;Suspendisse sed dolor.;Nec Ante Associates
WM-37JRa3;sit amet diam eu dolor;Primis Corporation
rm+46_M1;turpis egestas. Fusce aliquet magna a neque. Nullam ut;Nec Ante Associates
u9AI3-G;magna nec quam. Curabitur;Sagittis Duis
hk+13_T8;Cras dictum ultricies ligula. Nullam;Nec Ante Associates
o4EE4-Y;Class aptent taciti sociosqu ad;Sagittis Duis
u3OI8-X;ut quam vel sapien imperdiet ornare. In;Sagittis Duis
ou+12_G2;lacinia mattis. Integer eu lacus. Quisque imperdiet,;Nec Ante Associates
WB-10MSb2;posuere at, velit. Cras lorem lorem, luctus ut, pellentesque;Primis Corporation
i7OA2-B;Vestibulum ut;Sagittis Duis
aU7QQ63;erat vel pede blandit congue. In scelerisque scelerisque dui. Suspendisse;Pellentesque Foundation
eu+27_C4;non justo. Proin non massa non;Nec Ante Associates
i3II3-N;Integer id magna et;Sagittis Duis
oP4DQ62;Nullam enim. Sed nulla ante, iaculis nec, eleifend non,;Pellentesque Foundation
QP-33VFb2;nibh vulputate mauris sagittis placerat. Cras dictum;Primis Corporation
JB-38MWp5;Integer tincidunt aliquam arcu. Aliquam ultrices;Primis Corporation
i6UI3-Y;arcu. Curabitur ut odio vel est tempor bibendum. Donec felis;Sagittis Duis
